unix,date,symbol,open,high,low,close,Volume BTC,Volume USD
1668297600,2022-11-13 00:00:00,BTC/USD,16788,16790,16762,16784,1.74688979,29319.79823536
1668211200,2022-11-12 00:00:00,BTC/USD,17020,17054,16610,16788,1882.26415655,31599450.660161402
1668124800,2022-11-11 00:00:00,BTC/USD,17548,17645,16394,17007,5636.75561159,95864302.68631113
1668038400,2022-11-10 00:00:00,BTC/USD,15900,18150,15748,17551,8375.25692463,146994134.28418115
1667952000,2022-11-09 00:00:00,BTC/USD,18546,18588,15632,15877,8350.56544560,132581927.57979119
1667865600,2022-11-08 00:00:00,BTC/USD,20591,20669,17114,18550,12035.90178845,223265978.1757475
1667779200,2022-11-07 00:00:00,BTC/USD,20899,21070,20400,20590,1417.99563473,29196530.1190907
1667692800,2022-11-06 00:00:00,BTC/USD,21299,21364,20899,20907,551.95849001,11539796.15063907
1667606400,2022-11-05 00:00:00,BTC/USD,21152,21473,21089,21301,774.12522007,16489641.31271107
1667520000,2022-11-04 00:00:00,BTC/USD,20209,21290,20184,21153,3501.47535754,74066708.23804362
1667433600,2022-11-03 00:00:00,BTC/USD,20152,20387,20039,20209,1004.11893277,20292239.51234893
1667347200,2022-11-02 00:00:00,BTC/USD,20480,20802,20055,20154,2292.08236192,46194627.92213568
1667260800,2022-11-01 00:00:00,BTC/USD,20493,20681,20334,20480,1276.69180973,26146648.2632704
1667174400,2022-10-31 00:00:00,BTC/USD,20631,20833,20243,20498,1880.02456732,38536743.58092536
1667088000,2022-10-30 00:00:00,BTC/USD,20820,20931,20525,20628,679.83876303,14023714.00378284
1667001600,2022-10-29 00:00:00,BTC/USD,20596,21078,20566,20821,1213.18946622,25259817.87616662
1666915200,2022-10-28 00:00:00,BTC/USD,20295,20750,20008,20599,1827.61380674,37647016.80503726
1666828800,2022-10-27 00:00:00,BTC/USD,20771,20872,20210,20296,1669.88399576,33891965.577944964
1666742400,2022-10-26 00:00:00,BTC/USD,20096,21012,20062,20775,2711.06904662,56322459.4435305
1666656000,2022-10-25 00:00:00,BTC/USD,19332,20418,19222,20087,2804.51314609,56334255.56550983
1666569600,2022-10-24 00:00:00,BTC/USD,19576,19588,19169,19332,1155.86348440,22345152.8804208
1666483200,2022-10-23 00:00:00,BTC/USD,19208,19689,19079,19574,1195.62013587,23403068.53951938
1666396800,2022-10-22 00:00:00,BTC/USD,19166,19250,19118,19206,455.42088912,8746813.59643872
1666310400,2022-10-21 00:00:00,BTC/USD,19043,19245,18660,19165,1923.43991085,36862725.89144025
1666224000,2022-10-20 00:00:00,BTC/USD,19128,19340,18913,19043,1491.66449329,28405766.945721474
1666137600,2022-10-19 00:00:00,BTC/USD,19329,19356,19078,19126,1302.59535401,24913438.74079526
1666051200,2022-10-18 00:00:00,BTC/USD,19547,19700,19099,19334,1524.52635389,29475192.526109263
1665964800,2022-10-17 00:00:00,BTC/USD,19262,19672,19160,19547,1141.62350258,22315314.604931258
1665878400,2022-10-16 00:00:00,BTC/USD,19072,19425,19067,19264,417.01160964,8033311.64810496
1665792000,2022-10-15 00:00:00,BTC/USD,19184,19229,18990,19066,331.43098278,6319063.1176834805
1665705600,2022-10-14 00:00:00,BTC/USD,19374,19947,19083,19181,1313.80111372,25200019.162263323
1665619200,2022-10-13 00:00:00,BTC/USD,19156,19504,18183,19377,2920.78208384,56595994.438567676
1665532800,2022-10-12 00:00:00,BTC/USD,19061,19229,18967,19157,870.27070879,16671775.96829003
1665446400,2022-10-11 00:00:00,BTC/USD,19131,19265,18853,19059,1332.93245318,25404359.62515762
1665360000,2022-10-10 00:00:00,BTC/USD,19436,19525,19029,19131,1052.98301829,20144618.122905992
1665273600,2022-10-09 00:00:00,BTC/USD,19421,19604,19324,19445,707.27451611,13752952.965758951
1665187200,2022-10-08 00:00:00,BTC/USD,19533,19624,19259,19420,517.31876324,10046330.3821208
1665100800,2022-10-07 00:00:00,BTC/USD,19960,20056,19335,19532,1290.58016407,25207611.764615238
1665014400,2022-10-06 00:00:00,BTC/USD,20161,20447,19864,19951,1438.88952495,28707284.91227745
1664928000,2022-10-05 00:00:00,BTC/USD,20343,20366,19735,20162,1789.84892196,36086933.96455752
1664841600,2022-10-04 00:00:00,BTC/USD,19633,20469,19497,20343,2455.54289220,49953109.0560246
1664755200,2022-10-03 00:00:00,BTC/USD,19060,19715,18975,19636,1109.13176723,21778911.381328277
1664668800,2022-10-02 00:00:00,BTC/USD,19306,19395,18931,19051,518.03380521,9869062.02305571
1664582400,2022-10-01 00:00:00,BTC/USD,19419,19484,19174,19312,378.60698732,7311658.139123839
1664496000,2022-09-30 00:00:00,BTC/USD,19593,20171,19152,19425,2413.78432301,46887760.47446925
1664409600,2022-09-29 00:00:00,BTC/USD,19413,19630,18852,19592,1812.62118977,35512874.34997384
1664323200,2022-09-28 00:00:00,BTC/USD,19085,19770,18461,19413,3817.64021997,74111849.59027761
1664236800,2022-09-27 00:00:00,BTC/USD,19233,20381,18822,19075,4423.71693902,84382400.6118065
1664150400,2022-09-26 00:00:00,BTC/USD,18809,19313,18690,19226,3167.38799752,60896201.640319526
1664064000,2022-09-25 00:00:00,BTC/USD,18919,19182,18636,18810,979.44306377,18423324.029513698
1663977600,2022-09-24 00:00:00,BTC/USD,19291,19309,18817,18921,922.02394143,17445614.99579703
1663891200,2022-09-23 00:00:00,BTC/USD,19411,19491,18533,19294,2593.18338023,50032880.13815761
1663804800,2022-09-22 00:00:00,BTC/USD,18458,19541,18368,19403,2607.04175970,50584431.2634591
1663718400,2022-09-21 00:00:00,BTC/USD,18877,19902,18157,18466,5332.93776764,98478028.81724024
1663632000,2022-09-20 00:00:00,BTC/USD,19535,19634,18717,18878,2544.25288865,48030406.0319347
1663545600,2022-09-19 00:00:00,BTC/USD,19418,19679,18271,19538,3418.21694020,66785122.5776276
1663459200,2022-09-18 00:00:00,BTC/USD,20116,20116,19343,19419,1609.63965374,31257592.43597706
1663372800,2022-09-17 00:00:00,BTC/USD,19802,20187,19757,20114,947.27782708,19053546.213887118
1663286400,2022-09-16 00:00:00,BTC/USD,19704,19887,19330,19802,2514.42684614,49790680.407264285
1663200000,2022-09-15 00:00:00,BTC/USD,20226,20432,19500,19691,2531.57116280,49849167.7666948
1663113600,2022-09-14 00:00:00,BTC/USD,20175,20526,19623,20233,2793.90630535,56529106.276146546
1663027200,2022-09-13 00:00:00,BTC/USD,22396,22781,19862,20177,3927.08003147,79236693.79497018
1662940800,2022-09-12 00:00:00,BTC/USD,21836,22485,21565,22401,2496.98699671,55935005.713300705
1662854400,2022-09-11 00:00:00,BTC/USD,21663,21871,21360,21835,844.39459098,18437355.8940483
1662768000,2022-09-10 00:00:00,BTC/USD,21371,21814,21125,21672,1355.39296702,29374076.38125744
1662681600,2022-09-09 00:00:00,BTC/USD,19327,21610,19303,21371,4009.32373236,85683257.48426557
1662595200,2022-09-08 00:00:00,BTC/USD,19301,19454,19023,19322,1759.19295086,33991126.19651692
1662508800,2022-09-07 00:00:00,BTC/USD,18808,19456,18540,19276,1946.27402334,37516378.07390184
1662422400,2022-09-06 00:00:00,BTC/USD,19799,20181,18669,18789,3216.97354596,60443715.955042444
1662336000,2022-09-05 00:00:00,BTC/USD,20014,20051,19634,19794,975.96352852,19318222.08352488
1662249600,2022-09-04 00:00:00,BTC/USD,19840,20025,19586,20007,468.46460815,9372571.41525705
1662163200,2022-09-03 00:00:00,BTC/USD,19950,20053,19667,19840,454.45221631,9016331.9715904
1662076800,2022-09-02 00:00:00,BTC/USD,20133,20440,19762,19959,1704.54970941,34021107.65011419
1661990400,2022-09-01 00:00:00,BTC/USD,20049,20202,19573,20128,1841.61890225,37068105.264488
1661904000,2022-08-31 00:00:00,BTC/USD,19836,20490,19822,20059,2271.16555773,45557309.922506064
1661817600,2022-08-30 00:00:00,BTC/USD,20300,20575,19552,19819,2061.62816733,40859408.64831327
1661731200,2022-08-29 00:00:00,BTC/USD,19571,20415,19557,20302,1226.53390450,24901091.329159003
1661644800,2022-08-28 00:00:00,BTC/USD,20044,20159,19526,19557,883.35771116,17275826.75715612
1661558400,2022-08-27 00:00:00,BTC/USD,20242,20376,19766,20045,1322.83765891,26516280.87285095
1661472000,2022-08-26 00:00:00,BTC/USD,21550,21870,20119,20250,3482.09137780,70512350.40044999
1661385600,2022-08-25 00:00:00,BTC/USD,21364,21813,21319,21571,1134.96366241,24482301.161846112
1661299200,2022-08-24 00:00:00,BTC/USD,21523,21892,21142,21372,1825.65585841,39017917.00593852
1661212800,2022-08-23 00:00:00,BTC/USD,21404,21672,20899,21520,1237.15547461,26623585.8136072
1661126400,2022-08-22 00:00:00,BTC/USD,21517,21530,20901,21411,1428.98968096,30596098.05903456
1661040000,2022-08-21 00:00:00,BTC/USD,21150,21778,21070,21514,1070.76255950,23036385.705082998
1660953600,2022-08-20 00:00:00,BTC/USD,20840,21368,20769,21146,1475.27766281,31196221.45778026
1660867200,2022-08-19 00:00:00,BTC/USD,23192,23202,20785,20841,3558.42097480,74161051.53580679
1660780800,2022-08-18 00:00:00,BTC/USD,23348,23593,23103,23201,888.93580166,20624199.53431366
1660694400,2022-08-17 00:00:00,BTC/USD,23866,24448,23176,23340,1814.51630224,42350810.4942816
1660608000,2022-08-16 00:00:00,BTC/USD,24103,24250,23673,23867,761.78640254,18181556.06942218
1660521600,2022-08-15 00:00:00,BTC/USD,24324,25212,23782,24110,1764.96054871,42553198.8293981
1660435200,2022-08-14 00:00:00,BTC/USD,24459,25053,24161,24320,1360.86975366,33096352.4090112
1660348800,2022-08-13 00:00:00,BTC/USD,24421,24900,24301,24456,891.42169723,21800609.02745688
1660262400,2022-08-12 00:00:00,BTC/USD,23957,24459,23615,24407,1258.79271631,30723353.826978173
1660176000,2022-08-11 00:00:00,BTC/USD,23961,24921,23867,23959,1964.20432050,47060371.3148595
1660089600,2022-08-10 00:00:00,BTC/USD,23151.68,24228,22668.57,23964,2251.38844100,53952272.600124
1660003200,2022-08-09 00:00:00,BTC/USD,23811.29,23927.44,22880.22,23164.78,1206.11169091,27939311.97535815
1659916800,2022-08-08 00:00:00,BTC/USD,23177.72,24246.06,23169.64,23821.68,1845.04091771,43951974.328593954
1659830400,2022-08-07 00:00:00,BTC/USD,22946,23411.55,22855.14,23187.62,691.38337380,16031534.945992354
1659744000,2022-08-06 00:00:00,BTC/USD,23326.5,23354.54,22919.76,22956.61,672.14529689,15430177.444037944
1659657600,2022-08-05 00:00:00,BTC/USD,22630.14,23478,22587.94,23326.4,2070.35989801,48294043.12494047
1659571200,2022-08-04 00:00:00,BTC/USD,22830.37,23228.77,22400,22615.24,1537.96629545,34781476.88351266
1659484800,2022-08-03 00:00:00,BTC/USD,22997.07,23642.14,22686.12,22835.88,1306.29502305,29830396.390967038
1659398400,2022-08-02 00:00:00,BTC/USD,23291.67,23468.33,22665.98,23001.52,1441.50641868,33156838.719396394
1659312000,2022-08-01 00:00:00,BTC/USD,23287.38,23511.50,22861.00,23282.92,1310.17180502,30504625.322536256
1659225600,2022-07-31 00:00:00,BTC/USD,23652.53,24190.09,23241.00,23322.53,1624.15172546,37879327.34159262
1659139200,2022-07-30 00:00:00,BTC/USD,23777.85,24676.00,23523.29,23644.58,1739.57494563,41131518.96794419
1659052800,2022-07-29 00:00:00,BTC/USD,23856.91,24445.00,23438.50,23785.31,2536.49166787,60331240.632704996
1658966400,2022-07-28 00:00:00,BTC/USD,22972.22,24198.95,22600.00,23853.11,3463.79018298,82622168.25154206
1658880000,2022-07-27 00:00:00,BTC/USD,21266.14,23112.90,21047.70,22969.04,2976.18882906,68360200.2622323
1658793600,2022-07-26 00:00:00,BTC/USD,21314.26,21344.09,20700.13,21259.78,1965.57798404,41787755.51353391
1658707200,2022-07-25 00:00:00,BTC/USD,22589.47,22673.68,21250.00,21306.56,2128.78016831,45356982.38290712
1658620800,2022-07-24 00:00:00,BTC/USD,22468.70,23006.77,22272.23,22595.81,681.19673676,15392192.036448978
1658534400,2022-07-23 00:00:00,BTC/USD,22696.19,23005.68,21944.47,22468.69,1010.85783614,22712651.354300454
1658448000,2022-07-22 00:00:00,BTC/USD,23166.09,23760.87,22512.42,22682.26,2025.58385843,45944819.72871245
1658361600,2022-07-21 00:00:00,BTC/USD,23217.00,23430.33,22340.34,23163.34,2267.47408756,52522273.231342055
1658275200,2022-07-20 00:00:00,BTC/USD,23392.04,24280.30,22893.95,23208.53,4052.68459237,94056851.9425569
1658188800,2022-07-19 00:00:00,BTC/USD,22439.63,23800.00,21578.45,23405.02,4682.35297064,109590564.92488863
1658102400,2022-07-18 00:00:00,BTC/USD,20786.76,22760.04,20757.29,22435.04,4288.35687434,96209458.01009288
1658016000,2022-07-17 00:00:00,BTC/USD,21198.34,21664.52,20751.08,20801.85,1497.20354125,31144603.48455131
1657929600,2022-07-16 00:00:00,BTC/USD,20823.70,21577.00,20472.68,21195.49,1740.63926769,36893702.19193072
1657843200,2022-07-15 00:00:00,BTC/USD,20569.17,21186.35,20368.70,20835.39,1581.83012930,32958047.657715924
1657756800,2022-07-14 00:00:00,BTC/USD,20225.24,20880.00,19608.47,20577.23,2574.75885317,52981405.11621531
1657670400,2022-07-13 00:00:00,BTC/USD,19337.91,20367.88,18905.55,20232.35,3196.86413812,64680074.14489218
1657584000,2022-07-12 00:00:00,BTC/USD,19948.55,20036.24,19237.42,19321.14,1738.03082444,33580736.88332066
1657497600,2022-07-11 00:00:00,BTC/USD,20851.14,20858.75,19869.00,19949.71,1381.03847332,27551317.04157674
1657411200,2022-07-10 00:00:00,BTC/USD,21581.98,21593.73,20629.99,20856.08,1398.91806277,29175947.030576143
1657324800,2022-07-09 00:00:00,BTC/USD,21592.69,21955.18,21311.36,21588.35,865.38701575,18682277.781466514
1657238400,2022-07-08 00:00:00,BTC/USD,21620.85,22401.00,21164.07,21584.14,3352.94753796,72370489.07198395
1657152000,2022-07-07 00:00:00,BTC/USD,20546.29,21847.25,20237.58,21643.56,3422.57159508,74076633.67240968
1657065600,2022-07-06 00:00:00,BTC/USD,20164.65,20648.76,19750.16,20547.45,2093.38193195,43013660.577646025
1656979200,2022-07-05 00:00:00,BTC/USD,20209.02,20720.00,19281.82,20168.63,2882.22647228,58130559.29562058
1656892800,2022-07-04 00:00:00,BTC/USD,19296.88,20319.88,19032.44,20209.53,2016.08200690,40744069.80090575
1656806400,2022-07-03 00:00:00,BTC/USD,19232.76,19616.43,18763.96,19294.46,1438.93649433,27763502.63239041
1656720000,2022-07-02 00:00:00,BTC/USD,19263.41,19425.08,18960.00,19228.25,1478.97411836,28438084.09135567
1656633600,2022-07-01 00:00:00,BTC/USD,19960.61,20895.08,18944.69,19239.47,4424.08855864,85117119.10129753
1656547200,2022-06-30 00:00:00,BTC/USD,20098.00,20131.06,18595.60,19924.89,4907.84854025,97788342.30114181
1656460800,2022-06-29 00:00:00,BTC/USD,20253.88,20398.99,19827.00,20093.18,1605.32356204,32256055.29031089
1656374400,2022-06-28 00:00:00,BTC/USD,20722.27,21178.73,20176.00,20261.34,2048.68451940,41509093.6003
1656288000,2022-06-27 00:00:00,BTC/USD,21029.19,21516.85,20491.28,20699.72,1648.58803237,34125310.66540994
1656201600,2022-06-26 00:00:00,BTC/USD,21486.67,21868.00,20968.85,21028.69,1437.60709463,30230993.93477493
1656115200,2022-06-25 00:00:00,BTC/USD,21229.66,21586.67,20890.00,21486.80,1196.38466227,25706477.961263034
1656028800,2022-06-24 00:00:00,BTC/USD,21102.75,21538.40,20713.77,21215.42,2444.77217091,51866868.41016743
1655942400,2022-06-23 00:00:00,BTC/USD,19977.24,21204.14,19869.63,21093.42,2677.89902823,56486048.920047246
1655856000,2022-06-22 00:00:00,BTC/USD,20710.01,20863.44,19743.99,19963.68,4210.49538322,84056982.47208145
1655769600,2022-06-21 00:00:00,BTC/USD,20555.44,21708.76,20332.07,20712.29,3543.16812013,73387125.6228874
1655683200,2022-06-20 00:00:00,BTC/USD,20557.20,21036.89,19616.10,20555.44,5112.85052521,105096892.19992264
1655596800,2022-06-19 00:00:00,BTC/USD,18952.14,20783.48,17930.70,20552.82,5100.88311828,104837532.57104756
1655510400,2022-06-18 00:00:00,BTC/USD,20428.19,20758.00,17592.78,18956.80,7958.38532206,150865518.873227
1655424000,2022-06-17 00:00:00,BTC/USD,20387.66,21325.06,20220.16,20440.70,3615.09731757,73895119.7392531
1655337600,2022-06-16 00:00:00,BTC/USD,22563.82,22957.01,20200.00,20382.88,4889.12430380,99654433.98943895
1655251200,2022-06-15 00:00:00,BTC/USD,22077.83,22756.00,20079.72,22555.27,13481.53959307,304079765.537384
1655164800,2022-06-14 00:00:00,BTC/USD,22407.53,23288.88,20816.35,22097.30,8576.80050998,189524133.90918103
1655078400,2022-06-13 00:00:00,BTC/USD,26538.63,26845.63,21910.26,22450.43,12621.88318574,283366704.9296329
1654992000,2022-06-12 00:00:00,BTC/USD,28397.38,28523.06,26500.00,26585.10,2588.83347441,68824396.80053729
1654905600,2022-06-11 00:00:00,BTC/USD,29065.66,29403.62,28085.75,28390.94,1587.19524670,45061965.0173449
1654819200,2022-06-10 00:00:00,BTC/USD,30068.53,30333.81,28832.83,29065.66,2545.34126907,73982023.91075714
1654732800,2022-06-09 00:00:00,BTC/USD,30190.31,30672.56,29920.56,30089.03,953.92926451,28702806.257719327
1654646400,2022-06-08 00:00:00,BTC/USD,31108.30,31310.53,29831.85,30185.58,1909.67240307,57644569.09666173
1654560000,2022-06-07 00:00:00,BTC/USD,31351.10,31536.11,29184.25,31115.82,3672.30493412,114266779.31518978
1654473600,2022-06-06 00:00:00,BTC/USD,29905.46,31737.31,29868.16,31351.21,2494.10424691,78193186.00676726
1654387200,2022-06-05 00:00:00,BTC/USD,29834.06,30153.18,29514.96,29888.98,563.06294053,16829376.96824236
1654300800,2022-06-04 00:00:00,BTC/USD,29688.17,29948.84,29444.21,29853.51,472.40386055,14102913.37496803
1654214400,2022-06-03 00:00:00,BTC/USD,30437.77,30670.07,29232.99,29669.39,1151.14514737,34153774.323928
1654128000,2022-06-02 00:00:00,BTC/USD,29791.96,30688.82,29568.13,30437.18,1226.29074296,37324832.07580725
1654041600,2022-06-01 00:00:00,BTC/USD,31777.06,31962.79,29309.84,29787.40,2629.80184718,78334959.54268953
1653955200,2022-05-31 00:00:00,BTC/USD,31677.13,32375.81,31181.26,31762.76,1621.62249868,51507206.23617315
1653868800,2022-05-30 00:00:00,BTC/USD,29454.69,32195.68,29276.15,31731.22,3257.54873650,103365995.61860353
1653782400,2022-05-29 00:00:00,BTC/USD,29010.82,29561.04,28814.46,29448.94,909.19180016,26774734.771403827
1653696000,2022-05-28 00:00:00,BTC/USD,28606.08,29231.90,28498.73,29010.82,721.54694670,20932668.592263296
1653609600,2022-05-27 00:00:00,BTC/USD,29183.39,29360.34,28253.57,28589.48,2109.94198208,60322144.09783652
1653523200,2022-05-26 00:00:00,BTC/USD,29511.95,29853.34,28003.00,29183.06,2835.00522362,82734127.54121588
1653436800,2022-05-25 00:00:00,BTC/USD,29626.53,30189.70,29313.78,29510.15,1563.30877003,46133476.29990081
1653350400,2022-05-24 00:00:00,BTC/USD,29081.76,29810.38,28632.40,29632.15,1490.23613231,44158900.60802977
1653264000,2022-05-23 00:00:00,BTC/USD,30264.66,30628.00,28839.29,29081.76,2158.65047198,62777354.950009085
1653177600,2022-05-22 00:00:00,BTC/USD,29400.34,30457.58,29209.03,30264.66,1318.89417974,39915883.92580999
1653091200,2022-05-21 00:00:00,BTC/USD,29176.70,29621.01,28914.70,29421.05,490.42738451,14428888.601037936
1653004800,2022-05-20 00:00:00,BTC/USD,30271.22,30725.56,28690.13,29176.70,2337.17319044,68191001.02551074
1652918400,2022-05-19 00:00:00,BTC/USD,28681.15,30505.14,28656.46,30290.33,2516.77484526,76233940.59862433
1652832000,2022-05-18 00:00:00,BTC/USD,30423.90,30670.00,28615.23,28681.26,2318.15544994,66487619.18014612
1652745600,2022-05-17 00:00:00,BTC/USD,29847.53,30753.96,29400.00,30425.36,2143.92566327,65229710.118228525
1652659200,2022-05-16 00:00:00,BTC/USD,31275.27,31275.27,29060.00,29832.45,3112.79429009,92862280.01939541
1652572800,2022-05-15 00:00:00,BTC/USD,30041.16,31411.48,29440.71,31295.03,2085.06630084,65252212.436776824
1652486400,2022-05-14 00:00:00,BTC/USD,29239.41,30281.49,28561.23,30033.96,2910.99216303,87428622.1847565
1652400000,2022-05-13 00:00:00,BTC/USD,28932.69,30974.60,28686.37,29238.81,6010.27363922,175733248.98516214
1652313600,2022-05-12 00:00:00,BTC/USD,28999.99,30090.70,25401.05,28896.19,16578.81059900,479064461.0427178
1652227200,2022-05-11 00:00:00,BTC/USD,31002.27,32148.15,27757.77,29000.00,11180.84883589,324244616.24081
1652140800,2022-05-10 00:00:00,BTC/USD,30066.48,32650.00,29731.03,30999.97,7402.30231296,229471149.6326906
1652054400,2022-05-09 00:00:00,BTC/USD,34051.20,34224.35,30015.00,30082.00,7631.12166167,229559401.82635695
1651968000,2022-05-08 00:00:00,BTC/USD,35465.46,35496.55,33710.16,34025.50,2670.39981616,90861688.94475207
1651881600,2022-05-07 00:00:00,BTC/USD,36019.15,36123.99,34777.85,35463.46,1224.39699253,43421353.76870795
1651795200,2022-05-06 00:00:00,BTC/USD,36542.41,36648.20,35268.69,36019.22,2594.53333069,93453066.83545586
1651708800,2022-05-05 00:00:00,BTC/USD,39685.23,39840.37,35579.40,36533.93,3736.73012912,136517436.96616104
1651622400,2022-05-04 00:00:00,BTC/USD,37735.35,40050.19,37665.46,39685.23,2297.27213438,91167773.02546121
1651536000,2022-05-03 00:00:00,BTC/USD,38506.38,38641.57,37515.83,37729.95,1157.92207652,43688342.050995775
1651449600,2022-05-02 00:00:00,BTC/USD,38484.46,39153.13,38045.79,38521.01,1434.10079893,55243011.21659052
1651363200,2022-05-01 00:00:00,BTC/USD,37638.78,38672.20,37400.00,38488.34,1248.04269032,48035091.39955086
1651276800,2022-04-30 00:00:00,BTC/USD,38599.30,38786.95,37597.36,37639.80,728.27961992,27412299.23786482
1651190400,2022-04-29 00:00:00,BTC/USD,39753.28,39923.61,38174.27,38593.42,1600.89916681,61784173.92234839
1651104000,2022-04-28 00:00:00,BTC/USD,39254.40,40387.00,38880.44,39754.20,1842.00508443,73227438.52744709
1651017600,2022-04-27 00:00:00,BTC/USD,38105.68,39494.73,37885.75,39256.05,1769.00930667,69444317.79310286
1650931200,2022-04-26 00:00:00,BTC/USD,40452.52,40800.00,37701.00,38137.67,2909.72251989,110970037.25513326
1650844800,2022-04-25 00:00:00,BTC/USD,39464.67,40602.85,38202.91,40441.11,2220.04402771,89781044.72946316
1650758400,2022-04-24 00:00:00,BTC/USD,39438.51,39944.65,38987.00,39467.40,663.70417243,26194678.054963782
1650672000,2022-04-23 00:00:00,BTC/USD,39700.55,39983.98,39301.00,39421.59,398.24448783,15699430.91899425
1650585600,2022-04-22 00:00:00,BTC/USD,40497.00,40808.66,39197.64,39726.03,2136.99977120,84894517.02068433
1650499200,2022-04-21 00:00:00,BTC/USD,41378.77,42978.95,39770.00,40470.76,2163.31405365,87550963.86989628
1650412800,2022-04-20 00:00:00,BTC/USD,41476.89,42220.04,40893.21,41375.85,1359.54131303,56252177.43673233
1650326400,2022-04-19 00:00:00,BTC/USD,40814.60,41754.05,40578.58,41505.77,1457.11081239,60478506.24357249
1650240000,2022-04-18 00:00:00,BTC/USD,39660.62,41101.00,38547.12,40814.60,2421.08185584,98815487.51336727
1650153600,2022-04-17 00:00:00,BTC/USD,40379.81,40602.69,39565.68,39691.27,485.00371860,19250413.545956623
1650067200,2022-04-16 00:00:00,BTC/USD,40576.41,40701.00,40014.79,40395.67,365.72624783,14773756.817678895
1649980800,2022-04-15 00:00:00,BTC/USD,39962.60,40869.99,39788.97,40563.18,752.39943803,30519713.836709738
1649894400,2022-04-14 00:00:00,BTC/USD,41159.29,41504.29,39582.53,39961.53,1169.49381805,46734762.294819616
1649808000,2022-04-13 00:00:00,BTC/USD,40099.51,41557.61,39584.86,41147.74,1563.48448746,64333853.18403734
1649721600,2022-04-12 00:00:00,BTC/USD,39545.37,40691.01,39273.65,40097.46,2111.92057359,84682650.72270209
1649635200,2022-04-11 00:00:00,BTC/USD,42159.45,42415.57,39218.15,39524.86,2288.47921183,90451820.4604911
1649548800,2022-04-10 00:00:00,BTC/USD,42774.85,43450.72,41888.88,42133.85,862.61310467,36345211.160200074
1649462400,2022-04-09 00:00:00,BTC/USD,42258.22,42807.63,42131.51,42767.89,525.17354399,22460564.36027448
1649376000,2022-04-08 00:00:00,BTC/USD,43467.82,43986.09,42120.00,42290.11,1453.74466100,61479021.62560271
1649289600,2022-04-07 00:00:00,BTC/USD,43172.83,43896.45,42741.52,43454.53,1381.67737796,60040141.07088416
1649203200,2022-04-06 00:00:00,BTC/USD,45512.95,45548.77,43086.80,43191.59,3073.55689716,132751809.34380688
1649116800,2022-04-05 00:00:00,BTC/USD,46514.43,47201.00,45342.33,45502.73,1127.69043708,51312993.48203323
1649030400,2022-04-04 00:00:00,BTC/USD,46414.88,46891.17,45124.79,46598.20,1496.64154125,69740801.86747575
1648944000,2022-04-03 00:00:00,BTC/USD,45820.28,47458.48,45565.64,46401.57,1063.62873240,49354043.08046987
1648857600,2022-04-02 00:00:00,BTC/USD,46306.38,47218.17,45650.00,45820.28,724.30875007,33188029.734657418
1648771200,2022-04-01 00:00:00,BTC/USD,45522.53,46739.81,44244.00,46307.81,1953.21952857,90449318.81730913
1648684800,2022-03-31 00:00:00,BTC/USD,47086.07,47624.18,45234.00,45517.27,1372.96510736,62493623.492284104
1648598400,2022-03-30 00:00:00,BTC/USD,47459.03,47721.41,46572.15,47068.08,1627.54321756,76605334.36757149
1648512000,2022-03-29 00:00:00,BTC/USD,47152.38,48128.87,46941.84,47459.03,1716.32392308,81455068.55517142
1648425600,2022-03-28 00:00:00,BTC/USD,46854.96,48234.00,46672.25,47152.38,2691.93784761,126931276.32688881
1648339200,2022-03-27 00:00:00,BTC/USD,44553.24,46950.00,44456.90,46864.39,1548.88890527,72587733.72324634
1648252800,2022-03-26 00:00:00,BTC/USD,44340.49,44815.31,44101.00,44535.65,494.72420210,22032863.911254868
1648166400,2022-03-25 00:00:00,BTC/USD,44025.99,45137.12,43616.88,44320.60,1725.07156990,76456207.02090994
1648080000,2022-03-24 00:00:00,BTC/USD,42912.21,44240.00,42636.54,44025.99,2173.30497451,95681903.07472752
1647993600,2022-03-23 00:00:00,BTC/USD,42393.62,43021.73,41779.11,42925.41,1906.72354645,81846889.9880203
1647907200,2022-03-22 00:00:00,BTC/USD,41018.36,43337.41,40901.13,42393.41,2375.42465350,100702351.25993346
1647820800,2022-03-21 00:00:00,BTC/USD,41293.19,41588.70,40516.86,41043.14,1779.49806583,73036188.24558991
1647734400,2022-03-20 00:00:00,BTC/USD,42240.43,42324.06,40930.20,41242.14,1061.35307364,43772472.05249119
1647648000,2022-03-19 00:00:00,BTC/USD,41781.96,42405.01,41553.88,42235.31,976.88885105,41259203.45964057
1647561600,2022-03-18 00:00:00,BTC/USD,40963.22,42362.00,40068.88,41794.37,2125.12318171,88818184.55196498
1647475200,2022-03-17 00:00:00,BTC/USD,41142.76,41497.24,40449.06,40963.22,1657.76165332,67907255.3125109
1647388800,2022-03-16 00:00:00,BTC/USD,39302.80,41693.97,38865.67,41142.76,5987.10388902,246325978.4010165
1647302400,2022-03-15 00:00:00,BTC/USD,39688.55,39896.13,38142.35,39302.70,1638.68402951,64404706.80662268
1647216000,2022-03-14 00:00:00,BTC/USD,37763.37,39913.42,37567.19,39665.71,1439.76768221,57109407.349914014
1647129600,2022-03-13 00:00:00,BTC/USD,38798.68,39312.50,37595.62,37790.54,737.88013225,27884888.652998913
1647043200,2022-03-12 00:00:00,BTC/USD,38729.79,39458.58,38653.89,38822.02,962.85566586,37380001.91713024
1646956800,2022-03-11 00:00:00,BTC/USD,39433.48,40237.22,38244.76,38729.79,2063.22335158,79908207.12978956
1646870400,2022-03-10 00:00:00,BTC/USD,41952.13,42053.95,38545.19,39444.45,2506.23482676,98857054.31239347
1646784000,2022-03-09 00:00:00,BTC/USD,38761.13,42591.68,38667.65,41960.02,1980.29362461,83093160.09450808
1646697600,2022-03-08 00:00:00,BTC/USD,38002.23,39377.00,37885.05,38753.65,1864.90461382,72271860.68736544
1646611200,2022-03-07 00:00:00,BTC/USD,38404.97,39557.26,37169.52,38016.47,1949.69691981,74120594.46104927
1646524800,2022-03-06 00:00:00,BTC/USD,39390.31,39701.00,38100.00,38438.89,1194.37373381,45910400.57281187
1646438400,2022-03-05 00:00:00,BTC/USD,39170.19,39620.30,38600.30,39416.79,806.91142871,31805858.33406204
1646352000,2022-03-04 00:00:00,BTC/USD,42476.25,42540.57,38590.95,39175.56,2493.65743037,97690426.28290574
1646265600,2022-03-03 00:00:00,BTC/USD,43936.73,44118.53,41832.34,42476.26,2253.43076958,95717311.26068017
1646179200,2022-03-02 00:00:00,BTC/USD,44443.98,45332.38,43350.00,43936.72,2043.55683949,89787184.66075706
1646092800,2022-03-01 00:00:00,BTC/USD,43221.71,44981.22,42847.85,44443.96,2831.29722228,125834060.49512342
1646006400,2022-02-28 00:00:00,BTC/USD,37717.10,44256.08,37468.99,43178.98,3160.61807044,136472264.45116735
1645920000,2022-02-27 00:00:00,BTC/USD,39146.66,39886.92,37015.74,37712.68,1701.81704307,64180081.56384513
1645833600,2022-02-26 00:00:00,BTC/USD,39242.64,40330.99,38600.00,39146.66,912.72408690,35730099.50368476
1645747200,2022-02-25 00:00:00,BTC/USD,38360.93,39727.97,38027.61,39231.64,2202.85182731,86421489.86236808
1645660800,2022-02-24 00:00:00,BTC/USD,37253.26,39720.00,34324.05,38376.88,6302.85095659,241883754.81893963
1645574400,2022-02-23 00:00:00,BTC/USD,38269.94,39303.24,37060.16,37274.18,1778.27525833,66283752.06853892
1645488000,2022-02-22 00:00:00,BTC/USD,37036.98,38463.88,36368.99,38269.94,2388.75903515,91417664.9496484
1645401600,2022-02-21 00:00:00,BTC/USD,38384.09,39494.11,36810.72,37076.60,3501.42036418,129820762.27455617
1645315200,2022-02-20 00:00:00,BTC/USD,40108.62,40151.62,37974.18,38373.90,1283.51154740,49253343.768772855
1645228800,2022-02-19 00:00:00,BTC/USD,40008.75,40471.27,39587.08,40109.02,695.65429600,27902012.07134992
1645142400,2022-02-18 00:00:00,BTC/USD,40532.66,40996.31,39450.00,39996.99,2212.71492010,88501936.5320905
1645056000,2022-02-17 00:00:00,BTC/USD,43901.49,44204.78,40088.88,40556.11,2437.49036088,98855127.19978897
1644969600,2022-02-16 00:00:00,BTC/USD,44590.75,44590.75,43312.83,43901.48,1251.83359420,54957347.499099426
1644883200,2022-02-15 00:00:00,BTC/USD,42567.27,44785.66,42469.96,44582.48,1772.92325828,79041315.70380294
1644796800,2022-02-14 00:00:00,BTC/USD,42078.53,42871.68,41575.00,42540.30,1270.88651697,54063893.69785889
1644710400,2022-02-13 00:00:00,BTC/USD,42232.68,42779.60,41882.54,42077.74,515.45574228,21689212.705164846
1644624000,2022-02-12 00:00:00,BTC/USD,42392.22,43034.00,41740.06,42241.11,892.34533043,37693657.260679975
1644537600,2022-02-11 00:00:00,BTC/USD,43540.15,43969.72,41983.12,42406.19,2170.37239741,92037224.25532396
1644451200,2022-02-10 00:00:00,BTC/USD,44426.24,45850.00,43209.07,43524.60,2692.62339808,117195356.35207276
1644364800,2022-02-09 00:00:00,BTC/USD,44106.95,44865.72,43164.00,44426.84,1625.88352507,72232867.22692087
1644278400,2022-02-08 00:00:00,BTC/USD,43895.60,45501.00,42701.19,44091.56,2591.80146351,114276569.73643896
1644192000,2022-02-07 00:00:00,BTC/USD,42420.24,44524.18,41682.11,43869.04,2601.46944039,114123966.93924652
1644105600,2022-02-06 00:00:00,BTC/USD,41422.70,42701.86,41141.81,42420.24,854.67571444,36255548.928716265
1644019200,2022-02-05 00:00:00,BTC/USD,41608.82,41983.12,40975.00,41427.72,1892.23797403,78391104.96148212
1643932800,2022-02-04 00:00:00,BTC/USD,37330.75,41760.39,37064.28,41579.57,3901.59890405,162226804.74287024
1643846400,2022-02-03 00:00:00,BTC/USD,36924.50,37391.74,36264.55,37320.11,1624.39014671,60622418.95813334
1643760000,2022-02-02 00:00:00,BTC/USD,38768.08,38883.96,36618.36,36923.50,1672.70719509,61762204.11790561
1643673600,2022-02-01 00:00:00,BTC/USD,38483.56,39285.00,38033.78,38733.04,2073.93871710,80329951.28698298
1643587200,2022-01-31 00:00:00,BTC/USD,37914.10,38776.33,36631.66,38491.92,2009.13000337,77335271.35931776
1643500800,2022-01-30 00:00:00,BTC/USD,38176.45,38378.88,37372.59,37941.82,708.79481272,26892965.20115595
1643414400,2022-01-29 00:00:00,BTC/USD,37713.14,38741.67,37327.79,38192.65,1296.90892268,49532388.565794304
1643328000,2022-01-28 00:00:00,BTC/USD,37179.62,38022.11,36173.98,37748.36,2420.65410706,91375722.66877943
1643241600,2022-01-27 00:00:00,BTC/USD,36824.02,37251.00,35511.32,37208.36,3103.82301099,115488163.96919988
1643155200,2022-01-26 00:00:00,BTC/USD,37006.76,38946.00,36279.21,36829.32,3663.15557069,134911528.72272462
1643068800,2022-01-25 00:00:00,BTC/USD,36721.59,37552.30,35722.43,36975.91,2793.69107911,103299269.90897425
1642982400,2022-01-24 00:00:00,BTC/USD,36262.21,38050.00,32950.72,36724.99,6335.15428027,232658477.5913729
1642896000,2022-01-23 00:00:00,BTC/USD,35084.79,36574.47,34624.59,36293.62,2533.70397599,91957289.29707019
1642809600,2022-01-22 00:00:00,BTC/USD,36447.37,36825.98,34000.00,35091.11,4510.37218636,158273966.53249928
1642723200,2022-01-21 00:00:00,BTC/USD,40654.72,41115.58,35423.00,36495.46,6201.04610092,226310029.93428183
1642636800,2022-01-20 00:00:00,BTC/USD,41733.21,43518.69,40554.14,40736.05,2425.15260695,98791137.85434556
1642550400,2022-01-19 00:00:00,BTC/USD,42378.23,42589.90,41145.23,41683.21,1664.70405269,69390208.61612834
1642464000,2022-01-18 00:00:00,BTC/USD,42230.09,42685.25,41290.06,42377.40,1638.87085963,69451085.96688436
1642377600,2022-01-17 00:00:00,BTC/USD,43099.08,43209.47,41581.00,42255.07,1060.00938797,44790770.88932951
1642291200,2022-01-16 00:00:00,BTC/USD,43084.77,43495.59,42615.00,43107.70,621.95302734,26810964.516664512
1642204800,2022-01-15 00:00:00,BTC/USD,43085.76,43826.80,42387.86,43102.01,707.65852297,30501504.73363817
1642118400,2022-01-14 00:00:00,BTC/USD,42579.44,43468.95,41782.21,43102.35,1386.83275834,59775750.9414361
1642032000,2022-01-13 00:00:00,BTC/USD,43935.01,44456.34,42321.00,42571.94,1993.88324273,84883477.77650699
1641945600,2022-01-12 00:00:00,BTC/USD,42754.44,44337.26,42471.17,43933.50,2502.76210107,109955098.76735884
1641859200,2022-01-11 00:00:00,BTC/USD,41842.22,43144.74,41284.11,42736.00,2442.65415081,104389267.78901616
1641772800,2022-01-10 00:00:00,BTC/USD,41853.98,42256.55,39558.70,41845.42,3494.01378649,146208474.38146436
1641686400,2022-01-09 00:00:00,BTC/USD,41697.32,42796.49,41200.00,41875.81,1532.58823403,64178373.69647581
1641600000,2022-01-08 00:00:00,BTC/USD,41576.73,42315.31,40517.05,41690.77,1581.47361959,65932852.93539418
1641513600,2022-01-07 00:00:00,BTC/USD,43093.40,43135.35,40600.00,41535.66,2984.20586087,123950960.00710364
1641427200,2022-01-06 00:00:00,BTC/USD,43417.31,43782.86,42414.00,43097.60,2450.11309350,105593994.0584256
1641340800,2022-01-05 00:00:00,BTC/USD,45828.77,46855.06,42413.59,43435.80,3397.54577759,147575118.88624373
1641254400,2022-01-04 00:00:00,BTC/USD,46464.01,47526.00,45539.05,45820.00,1832.61283694,83970320.18859081
1641168000,2022-01-03 00:00:00,BTC/USD,47290.55,47586.58,45692.13,46439.89,1140.17908832,52949791.441881076
1641081600,2022-01-02 00:00:00,BTC/USD,47745.25,47989.00,46660.00,47350.22,702.09475540,33244341.12903619
1640995200,2022-01-01 00:00:00,BTC/USD,46230.00,47960.98,46199.90,47777.42,741.52060313,35427941.29439533
1640908800,2021-12-31 00:00:00,BTC/USD,47110.30,48589.47,45655.31,46214.37,1798.55260406,83118975.50849235
1640822400,2021-12-30 00:00:00,BTC/USD,46474.59,47916.32,45934.37,47150.71,2162.27044303,101952586.60087904
1640736000,2021-12-29 00:00:00,BTC/USD,47597.70,48157.41,46099.94,46483.36,2089.30815829,97118063.27273105
1640649600,2021-12-28 00:00:00,BTC/USD,50708.05,50719.59,47300.00,47543.30,2215.26863352,105321181.22403143
1640563200,2021-12-27 00:00:00,BTC/USD,50885.32,52098.60,50479.44,50718.11,1102.98343745,55941235.30876723
1640476800,2021-12-26 00:00:00,BTC/USD,50421.51,51292.65,49458.85,50791.21,1015.22197466,51564352.51157074
1640390400,2021-12-25 00:00:00,BTC/USD,50857.42,51179.36,50190.90,50442.22,823.04872916,41516405.067009136
1640304000,2021-12-24 00:00:00,BTC/USD,50850.00,51864.56,50442.34,50841.48,1446.08883091,73521296.37493415
1640217600,2021-12-23 00:00:00,BTC/USD,48618.99,51386.66,48051.10,50850.00,1715.35802664,87225955.654644
1640131200,2021-12-22 00:00:00,BTC/USD,48907.75,49600.00,48449.87,48618.99,1306.16574192,63504459.144751064
1640044800,2021-12-21 00:00:00,BTC/USD,46926.72,49353.49,46667.08,48929.86,1674.16446918,81916633.09395172
1639958400,2021-12-20 00:00:00,BTC/USD,46671.66,47547.50,45572.94,46915.00,1726.01603262,80976042.1703673
1639872000,2021-12-19 00:00:00,BTC/USD,46854.18,48307.34,46450.00,46704.67,1275.49937089,59571777.20262505
1639785600,2021-12-18 00:00:00,BTC/USD,46141.63,47370.14,45501.00,46881.87,827.39374258,38789765.87844902
1639699200,2021-12-17 00:00:00,BTC/USD,47654.99,48018.52,45478.74,46210.92,2077.28024679,95993031.30199295
1639612800,2021-12-16 00:00:00,BTC/USD,48876.84,49449.00,47506.21,47663.42,1456.25725801,69410201.31657898
1639526400,2021-12-15 00:00:00,BTC/USD,48386.95,49514.85,46560.00,48876.84,2593.35180959,126754841.46104088
1639440000,2021-12-14 00:00:00,BTC/USD,46736.70,48689.30,46310.40,48389.96,2016.58981458,97582700.46393362
1639353600,2021-12-13 00:00:00,BTC/USD,50102.31,50226.20,45750.00,46725.02,3337.44792896,155942321.22961456
1639267200,2021-12-12 00:00:00,BTC/USD,49420.51,50800.00,48675.00,50124.38,1233.78838616,61842877.907470584
1639180800,2021-12-11 00:00:00,BTC/USD,47179.53,49539.40,46789.00,49400.54,1323.03955982,65358868.696470305
1639094400,2021-12-10 00:00:00,BTC/USD,47573.43,50132.88,46886.00,47142.42,2705.17070403,127528293.50107794
1639008000,2021-12-09 00:00:00,BTC/USD,50535.15,50839.01,47332.43,47593.12,2585.43270776,123048809.11234662
1638921600,2021-12-08 00:00:00,BTC/USD,50635.87,51249.41,48656.20,50543.30,1598.43571319,80790215.78247613
1638835200,2021-12-07 00:00:00,BTC/USD,50550.09,51991.00,50062.13,50627.32,1719.31761862,87044443.25951271
1638748800,2021-12-06 00:00:00,BTC/USD,49484.00,50986.00,47111.00,50555.00,4652.11767659,235187809.14000744
1638662400,2021-12-05 00:00:00,BTC/USD,49240.81,49777.62,47836.34,49463.22,5156.66613697,255065311.59949723
1638576000,2021-12-04 00:00:00,BTC/USD,53685.47,53877.77,41967.50,49234.97,10025.68966854,493614530.05987686
1638489600,2021-12-03 00:00:00,BTC/USD,56534.26,57652.00,51556.01,53743.69,2964.76818531,159337582.2731632
1638403200,2021-12-02 00:00:00,BTC/USD,57232.71,57413.52,55839.85,56547.96,2758.14469791,155967456.05162677
1638316800,2021-12-01 00:00:00,BTC/USD,57027.28,59099.64,56469.22,57251.59,2515.54071956,144018705.9045541
1638230400,2021-11-30 00:00:00,BTC/USD,57843.33,59250.00,55918.80,56974.12,3562.71762735,202982701.6267542
1638144000,2021-11-29 00:00:00,BTC/USD,57327.32,58931.07,56750.00,57845.12,2069.73496900,119724067.65000129
1638057600,2021-11-28 00:00:00,BTC/USD,54764.24,57482.42,53308.93,57338.55,1377.55454862,78986980.36377531
1637971200,2021-11-27 00:00:00,BTC/USD,53794.32,55382.00,53653.45,54774.66,1360.56586778,74524532.81525446
1637884800,2021-11-26 00:00:00,BTC/USD,59004.88,59207.36,53524.03,53789.35,5221.84056738,280879409.9230014
1637798400,2021-11-25 00:00:00,BTC/USD,57169.19,59445.45,57044.42,58990.14,1362.17480499,80354882.4508328
1637712000,2021-11-24 00:00:00,BTC/USD,57583.91,57750.20,55894.62,57185.06,1809.45432912,103473754.37798694
1637625600,2021-11-23 00:00:00,BTC/USD,56283.80,57897.54,55128.60,57579.99,2732.08480061,157313415.4982758
1637539200,2021-11-22 00:00:00,BTC/USD,58679.27,59516.78,55628.57,56294.11,2943.16337271,165682762.65130776
1637452800,2021-11-21 00:00:00,BTC/USD,59785.85,60090.55,58525.84,58678.47,895.67509480,52556844.17996896
1637366400,2021-11-20 00:00:00,BTC/USD,58126.46,59896.54,57424.27,59768.54,1172.15930996,70058250.60371666
1637280000,2021-11-19 00:00:00,BTC/USD,56924.94,58402.05,55640.00,58128.55,3277.02585927,190488761.5118692
1637193600,2021-11-18 00:00:00,BTC/USD,60376.94,60978.39,56516.44,56917.66,6160.70975752,350653183.3372058
1637107200,2021-11-17 00:00:00,BTC/USD,60115.12,60888.50,58400.00,60373.65,3716.81055911,224397419.81201148
1637020800,2021-11-16 00:00:00,BTC/USD,63621.61,63628.00,58563.00,60142.31,4632.77331708,278625688.9955537
1636934400,2021-11-15 00:00:00,BTC/USD,65509.87,66387.40,63348.91,63606.09,2000.82362240,127264567.4005004
1636848000,2021-11-14 00:00:00,BTC/USD,64403.43,65509.87,63595.76,65509.87,1247.88451724,81748752.49940516
1636761600,2021-11-13 00:00:00,BTC/USD,64140.23,64980.00,63400.00,64417.52,830.13101807,53474981.459144585
1636675200,2021-11-12 00:00:00,BTC/USD,64783.13,65497.53,62294.84,64158.41,2519.30730563,161634751.03060487
1636588800,2021-11-11 00:00:00,BTC/USD,64919.18,65625.44,64140.00,64821.33,1583.28379977,102630561.6685451
1636502400,2021-11-10 00:00:00,BTC/USD,66928.42,69000.00,62856.71,64921.43,3419.11869317,221974074.90032762
1636416000,2021-11-09 00:00:00,BTC/USD,67547.49,68564.40,66250.00,66945.72,2136.85836086,143053521.50579253
1636329600,2021-11-08 00:00:00,BTC/USD,63300.00,67803.55,63300.00,67559.00,2715.42386367,183451320.80568156
1636243200,2021-11-07 00:00:00,BTC/USD,61542.43,63300.00,61396.57,63300.00,1115.66885061,70621838.24361299
1636156800,2021-11-06 00:00:00,BTC/USD,61008.19,61609.50,60109.91,61542.44,1268.51181970,78067312.55317807
1636070400,2021-11-05 00:00:00,BTC/USD,61430.02,62666.52,60769.17,61031.91,1569.40792218,95783963.05977677
1635984000,2021-11-04 00:00:00,BTC/USD,62945.38,63136.82,60725.00,61457.25,1507.54272229,92649429.9694571
1635897600,2021-11-03 00:00:00,BTC/USD,63260.00,63567.21,60018.46,62930.72,2148.47086339,135204818.33215433
1635811200,2021-11-02 00:00:00,BTC/USD,60949.78,64300.00,60669.91,63260.00,3336.52681752,211068686.4763152
1635724800,2021-11-01 00:00:00,BTC/USD,61356.57,62500.00,59500.00,60922.85,2507.39797107,152757830.48180196
1635638400,2021-10-31 00:00:00,BTC/USD,61904.96,62438.85,60000.00,61359.44,1548.12901591,94992329.46398869
1635552000,2021-10-30 00:00:00,BTC/USD,62278.92,62376.32,60660.02,61932.30,1542.31917477,95519373.82760808
1635465600,2021-10-29 00:00:00,BTC/USD,60608.95,62971.54,60154.53,62301.59,3884.64236172,242019395.7165111
1635379200,2021-10-28 00:00:00,BTC/USD,58471.06,62524.00,56425.00,60592.76,3769.75506439,228419863.87536782
1635292800,2021-10-27 00:00:00,BTC/USD,60331.40,61489.00,58100.01,58465.90,3479.73809611,203446019.55335763
1635206400,2021-10-26 00:00:00,BTC/USD,63101.43,63299.30,59830.00,60328.22,1965.54522515,118577844.76279874
1635120000,2021-10-25 00:00:00,BTC/USD,60883.96,63733.93,60670.00,63101.43,1730.14621615,109174700.3481541
1635033600,2021-10-24 00:00:00,BTC/USD,61306.64,61497.33,59510.00,60910.16,1204.84773547,73387468.34311539
1634947200,2021-10-23 00:00:00,BTC/USD,60698.54,61737.38,59633.61,61338.76,1056.07965827,64778616.699505545
1634860800,2021-10-22 00:00:00,BTC/USD,62207.51,63757.28,59953.74,60702.68,3159.42528548,191785582.0884011
1634774400,2021-10-21 00:00:00,BTC/USD,66027.81,66664.10,61850.00,62219.44,3891.52853281,242128726.05545983
1634688000,2021-10-20 00:00:00,BTC/USD,64282.20,67016.50,63529.00,65990.31,3070.68430005,202635408.8724325
1634601600,2021-10-19 00:00:00,BTC/USD,62014.99,64499.00,61350.00,64241.61,3253.73979225,209025482.77520552
1634515200,2021-10-18 00:00:00,BTC/USD,61519.52,62679.00,59013.00,62034.65,5754.55184160,356981609.4005115
1634428800,2021-10-17 00:00:00,BTC/USD,60885.27,61712.00,58933.00,61538.97,1261.12996084,77608638.82623394
1634342400,2021-10-16 00:00:00,BTC/USD,61703.45,62352.00,60100.27,60870.26,1263.44800176,76906408.36361165
1634256000,2021-10-15 00:00:00,BTC/USD,57370.48,62944.94,56877.00,61657.35,4205.42307030,259295242.14356172
1634169600,2021-10-14 00:00:00,BTC/USD,57395.84,58550.00,56830.56,57371.58,1879.45401231,107827246.22356416
1634083200,2021-10-13 00:00:00,BTC/USD,56004.61,57773.89,54231.00,57374.55,3359.69683046,192761093.7840688
1633996800,2021-10-12 00:00:00,BTC/USD,57490.00,57701.00,53909.00,55995.49,3224.83970306,180576479.3442992
1633910400,2021-10-11 00:00:00,BTC/USD,54657.00,57855.79,54462.45,57485.20,1955.78560334,112428726.56512056
1633824000,2021-10-10 00:00:00,BTC/USD,54984.49,56561.00,51000.00,54714.95,1735.42193508,94953524.40680544
1633737600,2021-10-09 00:00:00,BTC/USD,53952.82,55512.05,53674.69,54976.92,1061.02324334,58331789.96724371
1633651200,2021-10-08 00:00:00,BTC/USD,53816.16,56168.00,53623.02,53957.21,2217.75513685,119663879.64759418
1633564800,2021-10-07 00:00:00,BTC/USD,55360.10,55360.32,53289.57,53787.60,2349.70121453,126384789.04665382
1633478400,2021-10-06 00:00:00,BTC/USD,51521.89,55800.00,50428.64,55345.79,4441.90271751,245840615.00373778
1633392000,2021-10-05 00:00:00,BTC/USD,49283.89,51914.68,49075.00,51501.19,2206.59644303,113642342.66581221
1633305600,2021-10-04 00:00:00,BTC/USD,48231.04,49530.53,46900.00,49242.14,2737.78053315,134814172.30264693
1633219200,2021-10-03 00:00:00,BTC/USD,47644.63,49225.55,47119.87,48235.93,1164.60296870,56175707.276005395
1633132800,2021-10-02 00:00:00,BTC/USD,48185.61,48361.83,47468.15,47685.80,1361.84402667,64940621.88698029
1633046400,2021-10-01 00:00:00,BTC/USD,43835.47,48500.00,43291.07,48171.86,3446.87226506,166042248.1903532
1632960000,2021-09-30 00:00:00,BTC/USD,41537.56,44117.74,41427.87,43834.43,2614.50420927,114605301.74595118
1632873600,2021-09-29 00:00:00,BTC/USD,41024.21,42595.93,40750.00,41542.90,1804.77808474,74975715.49654534
1632787200,2021-09-28 00:00:00,BTC/USD,42154.87,42778.93,40888.00,41049.00,2246.85357977,92231092.59597874
1632700800,2021-09-27 00:00:00,BTC/USD,43162.82,44377.70,42130.00,42189.81,1936.64957217,81706877.48643358
1632614400,2021-09-26 00:00:00,BTC/USD,42699.10,43956.38,40808.00,43204.73,1659.78466242,71710548.19799724
1632528000,2021-09-25 00:00:00,BTC/USD,42835.88,43010.69,41689.60,42722.19,879.19677382,37561211.618525065
1632441600,2021-09-24 00:00:00,BTC/USD,44893.70,45159.90,40693.27,42848.50,4348.92828394,186345053.5744031
1632355200,2021-09-23 00:00:00,BTC/USD,43586.00,45013.17,43105.00,44903.50,2317.75578384,104075346.83965944
1632268800,2021-09-22 00:00:00,BTC/USD,40702.07,44031.85,40580.18,43589.53,3040.94514066,132553369.4371533
1632182400,2021-09-21 00:00:00,BTC/USD,43003.07,43643.34,39573.21,40596.54,5961.58790269,242019841.75507072
1632096000,2021-09-20 00:00:00,BTC/USD,47257.86,47334.54,42453.97,43035.99,4240.48541968,182493488.11649427
1632009600,2021-09-19 00:00:00,BTC/USD,48307.05,48389.52,46860.00,47245.25,999.59599085,47226162.48670597
1631923200,2021-09-18 00:00:00,BTC/USD,47316.21,48834.00,47052.90,48326.74,1452.50623073,70194890.96086872
1631836800,2021-09-17 00:00:00,BTC/USD,47773.44,48179.00,46712.14,47305.18,1558.52317573,73726219.36207928
1631750400,2021-09-16 00:00:00,BTC/USD,48188.12,48505.00,47035.00,47760.64,1886.04173385,90078560.27538566
1631664000,2021-09-15 00:00:00,BTC/USD,47123.81,48465.77,46702.26,48150.94,1307.24871087,62945254.242178716
1631577600,2021-09-14 00:00:00,BTC/USD,44983.77,47273.38,44704.18,47103.18,1643.95662405,77435584.77481948
1631491200,2021-09-13 00:00:00,BTC/USD,46039.42,46895.82,43400.00,44974.34,2308.42207379,103819759.21013655
1631404800,2021-09-12 00:00:00,BTC/USD,45162.96,46491.63,44752.96,46035.00,1015.76215832,46760610.9582612
1631318400,2021-09-11 00:00:00,BTC/USD,44858.20,45993.32,44767.75,45176.66,906.80620376,40966475.55315625
1631232000,2021-09-10 00:00:00,BTC/USD,46368.11,47029.08,44125.00,44857.38,2392.57110617,107324471.28648803
1631145600,2021-09-09 00:00:00,BTC/USD,46070.43,47419.95,45550.00,46392.81,2595.98696952,120435130.23941715
1631059200,2021-09-08 00:00:00,BTC/USD,46894.30,47386.72,44436.93,46091.94,3309.09834404,152522762.32759103
1630972800,2021-09-07 00:00:00,BTC/USD,52719.43,52956.47,42900.01,46866.82,6811.92218815,319253131.0460322
1630886400,2021-09-06 00:00:00,BTC/USD,51809.28,52810.00,51024.32,52708.20,2057.32862241,108438088.49571076
1630800000,2021-09-05 00:00:00,BTC/USD,49965.32,51900.00,49500.00,51809.28,986.48708300,51109185.49953024
1630713600,2021-09-04 00:00:00,BTC/USD,50033.50,50570.94,49388.26,49943.16,869.28839285,43415009.29025041
1630627200,2021-09-03 00:00:00,BTC/USD,49284.93,51050.00,48351.60,50025.04,2226.78294854,111394906.07203144
1630540800,2021-09-02 00:00:00,BTC/USD,48830.93,50390.00,48625.00,49274.79,2267.93197524,111751871.81423621
1630454400,2021-09-01 00:00:00,BTC/USD,47118.02,49134.00,46532.42,48853.49,2194.63007880,107215338.608355
1630368000,2021-08-31 00:00:00,BTC/USD,46969.05,48270.33,46699.00,47156.09,2239.16770320,105590393.73719247
1630281600,2021-08-30 00:00:00,BTC/USD,48782.56,48915.29,46855.41,47003.44,1676.48255108,78800447.00073572
1630195200,2021-08-29 00:00:00,BTC/USD,48947.10,49666.00,47798.29,48808.72,1044.48189034,50979824.13067577
1630108800,2021-08-28 00:00:00,BTC/USD,49100.49,49325.00,48244.88,48935.36,692.70588551,33897811.88155063
1630022400,2021-08-27 00:00:00,BTC/USD,46857.86,49187.00,46363.00,49100.49,1943.55725598,95429613.61167343
1629936000,2021-08-26 00:00:00,BTC/USD,49022.39,49387.60,46309.33,46856.29,2091.10982610,97981648.43359119
1629849600,2021-08-25 00:00:00,BTC/USD,47670.80,49273.93,47100.00,49011.75,1902.72053396,93255663.13031404
1629763200,2021-08-24 00:00:00,BTC/USD,49516.08,49893.50,47593.66,47731.33,2217.80305724,105858689.60013132
1629676800,2021-08-23 00:00:00,BTC/USD,49296.71,50562.11,49010.00,49561.37,2419.86814706,119931980.58765508
1629590400,2021-08-22 00:00:00,BTC/USD,48883.84,49540.01,48080.17,49301.86,985.76533304,48600064.442391455
1629504000,2021-08-21 00:00:00,BTC/USD,49332.31,49833.02,48300.00,48884.34,1768.24156609,86439321.91887604
1629417600,2021-08-20 00:00:00,BTC/USD,46759.29,49436.10,46645.77,49356.00,2815.55159523,138964364.53417188
1629331200,2021-08-19 00:00:00,BTC/USD,44734.16,47114.99,43935.54,46764.30,2776.23768490,129828811.96796909
1629244800,2021-08-18 00:00:00,BTC/USD,44631.47,46041.62,44218.73,44721.13,2247.93415783,100530155.70375594
1629158400,2021-08-17 00:00:00,BTC/USD,45930.48,47183.37,44417.51,44694.35,3286.27326450,146877847.47920558
1629072000,2021-08-16 00:00:00,BTC/USD,47024.96,48075.22,45654.14,45930.51,2410.15099528,110699464.390218
1628985600,2021-08-15 00:00:00,BTC/USD,47130.97,47424.00,45500.27,47028.30,1726.79562797,81208262.83086155
1628899200,2021-08-14 00:00:00,BTC/USD,47855.00,48190.00,46000.00,47119.73,1908.95141153,89949275.09441249
1628812800,2021-08-13 00:00:00,BTC/USD,44413.35,47929.18,44253.97,47860.58,2934.74203072,140458455.74063703
1628726400,2021-08-12 00:00:00,BTC/USD,45536.80,46236.70,43800.02,44444.45,2463.50628392,109489181.86036824
1628640000,2021-08-11 00:00:00,BTC/USD,45596.21,46787.60,45353.02,45539.85,2606.12636675,118682603.82283999
1628553600,2021-08-10 00:00:00,BTC/USD,46282.30,46759.00,44643.00,45609.70,2390.08850832,109011219.8379227
1628467200,2021-08-09 00:00:00,BTC/USD,43836.05,46529.02,42811.26,46292.89,4961.58828106,229686260.52039963
1628380800,2021-08-08 00:00:00,BTC/USD,44624.40,45355.00,43298.84,43858.42,3647.13062980,159957386.9566329
1628294400,2021-08-07 00:00:00,BTC/USD,42857.09,44763.14,42251.00,44612.94,4886.93838098,218020688.7743579
1628208000,2021-08-06 00:00:00,BTC/USD,40893.77,43381.00,39879.47,42856.59,2937.38483944,125886297.7360959
1628121600,2021-08-05 00:00:00,BTC/USD,39742.77,41401.96,37300.00,40894.67,5804.40706860,237369311.61606434
1628035200,2021-08-04 00:00:00,BTC/USD,38173.75,39973.94,37481.00,39741.12,4080.83535873,162176967.691532
1627948800,2021-08-03 00:00:00,BTC/USD,39157.52,39792.83,37639.00,38177.07,3279.64493738,125207234.34950188
1627862400,2021-08-02 00:00:00,BTC/USD,39875.20,40459.31,38687.62,39165.55,2407.96526999,94309284.18005684
1627776000,2021-08-01 00:00:00,BTC/USD,41489.16,42614.85,39424.27,39839.00,2042.01706796,81351917.97045845
1627689600,2021-07-31 00:00:00,BTC/USD,42236.72,42411.32,41007.51,41490.13,1507.86822076,62561648.502201095
1627603200,2021-07-30 00:00:00,BTC/USD,40045.21,42335.50,38331.37,42234.89,3651.71579023,154229814.71162713
1627516800,2021-07-29 00:00:00,BTC/USD,40024.80,40662.80,39239.95,40037.51,2306.03838571,92328034.92824799
1627430400,2021-07-28 00:00:00,BTC/USD,39446.94,40927.53,38786.80,40036.32,3943.47800378,157882347.2722973
1627344000,2021-07-27 00:00:00,BTC/USD,37271.44,39539.50,36386.19,39475.41,5896.66715588,232773353.61189693
1627257600,2021-07-26 00:00:00,BTC/USD,35438.93,40581.30,35282.70,37291.24,8840.39875048,329669431.4998498
1627171200,2021-07-25 00:00:00,BTC/USD,34301.86,35448.97,33874.03,35428.28,2063.49425027,73106052.07695563
1627084800,2021-07-24 00:00:00,BTC/USD,33685.00,34534.32,33419.31,34301.78,1440.46627864,49410557.38732798
1626998400,2021-07-23 00:00:00,BTC/USD,32306.98,33684.17,32000.00,33684.17,1976.38421775,66572861.97600801
1626912000,2021-07-22 00:00:00,BTC/USD,32115.82,32609.83,31703.15,32300.88,2392.46948134,77278869.62042558
1626825600,2021-07-21 00:00:00,BTC/USD,29792.99,32875.42,29500.00,32138.45,4842.16399723,155619645.5167765
1626739200,2021-07-20 00:00:00,BTC/USD,30822.08,31068.62,29296.39,29786.58,3413.24206454,101668807.81478587
1626652800,2021-07-19 00:00:00,BTC/USD,31794.49,31881.71,30400.00,30829.29,2506.27744084,77266754.0441142
1626566400,2021-07-18 00:00:00,BTC/USD,31509.33,32440.98,31100.00,31776.65,1256.54606075,39928824.38133149
1626480000,2021-07-17 00:00:00,BTC/USD,31376.30,31950.00,31176.66,31529.68,1550.07201059,48873274.47085931
1626393600,2021-07-16 00:00:00,BTC/USD,31885.70,32264.53,31012.93,31388.17,1912.46866725,60028891.647316426
1626307200,2021-07-15 00:00:00,BTC/USD,32818.68,33179.00,31121.57,31848.65,2470.21303625,78672950.41696358
1626220800,2021-07-14 00:00:00,BTC/USD,32737.56,33111.72,31589.35,32823.55,2753.09806091,90366451.85718244
1626134400,2021-07-13 00:00:00,BTC/USD,33091.53,33340.00,32190.00,32728.00,1870.57403303,61220146.95300584
1626048000,2021-07-12 00:00:00,BTC/USD,34266.84,34677.00,32660.00,33105.00,1879.53733471,62222083.465574555
1625961600,2021-07-11 00:00:00,BTC/USD,33521.48,34635.82,33335.49,34258.53,1635.01765874,56013301.512474045
1625875200,2021-07-10 00:00:00,BTC/USD,33830.73,34261.04,33014.21,33517.60,1442.42483187,48346618.54468591
1625788800,2021-07-09 00:00:00,BTC/USD,32892.94,34115.44,32285.73,33826.43,1636.57507041,55359492.05896894
1625702400,2021-07-08 00:00:00,BTC/USD,33858.33,33943.02,32101.00,32898.79,2945.85492495,96915062.54639582
1625616000,2021-07-07 00:00:00,BTC/USD,34231.95,35059.02,33800.00,33882.47,1540.04244824,52180442.05121836
1625529600,2021-07-06 00:00:00,BTC/USD,33730.76,35100.49,33510.58,34244.09,2386.50511711,81723696.01577537
1625443200,2021-07-05 00:00:00,BTC/USD,35255.00,35258.70,33143.00,33704.21,2254.35340918,75981200.71721865
1625356800,2021-07-04 00:00:00,BTC/USD,34672.08,35960.00,34404.29,35289.21,1204.00371528,42488339.94929613
1625270400,2021-07-03 00:00:00,BTC/USD,33810.46,34959.72,33333.10,34688.30,1244.49692391,43169482.64566726
1625184000,2021-07-02 00:00:00,BTC/USD,33537.11,33981.51,32700.05,33811.56,2086.83881625,70559275.84596585
1625097600,2021-07-01 00:00:00,BTC/USD,35059.71,35071.34,32700.88,33564.21,3118.76325902,104678824.96603167
1625011200,2021-06-30 00:00:00,BTC/USD,35900.05,36099.82,34049.36,35037.23,3381.04539530,118462465.15556704
1624924800,2021-06-29 00:00:00,BTC/USD,34494.42,36623.79,34240.00,35907.93,3179.50783988,114169544.94886225
1624838400,2021-06-28 00:00:00,BTC/USD,34716.02,35357.13,33878.23,34487.11,3369.99371686,116221344.01265967
1624752000,2021-06-27 00:00:00,BTC/USD,32293.98,34772.94,32015.82,34699.50,3260.56534452,113139987.17217174
1624665600,2021-06-26 00:00:00,BTC/USD,31595.95,32714.46,30082.79,32269.38,3300.16005776,106494118.9646794
1624579200,2021-06-25 00:00:00,BTC/USD,34652.68,35517.22,31271.02,31597.75,5099.26353351,161125254.31596562
1624492800,2021-06-24 00:00:00,BTC/USD,33693.99,35289.00,32314.37,34649.32,4725.82718452,163746698.3811325
1624406400,2021-06-23 00:00:00,BTC/USD,32547.57,35000.00,31670.89,33652.28,5855.58129399,197053661.2681138
1624320000,2021-06-22 00:00:00,BTC/USD,31628.83,33315.85,28600.00,32545.26,9778.51694548,318244376.4050524
1624233600,2021-06-21 00:00:00,BTC/USD,35598.66,35763.80,31238.69,31634.16,8580.06222043,271423061.09103787
1624147200,2021-06-20 00:00:00,BTC/USD,35494.70,36125.00,33337.00,35589.77,3958.11811992,140868513.5207852
1624060800,2021-06-19 00:00:00,BTC/USD,35849.18,36440.00,34718.21,35507.06,3129.33472247,111113475.75082563
1623974400,2021-06-18 00:00:00,BTC/USD,38110.25,38208.68,35143.68,35840.00,4240.40486721,151976110.4408064
1623888000,2021-06-17 00:00:00,BTC/USD,38361.38,39553.05,37350.00,38097.68,3569.25261640,135980244.01876995
1623801600,2021-06-16 00:00:00,BTC/USD,40166.93,40506.59,38095.41,38353.99,4008.51296381,153742466.1288391
1623715200,2021-06-15 00:00:00,BTC/USD,40544.19,41341.57,39526.47,40171.47,4078.80197440,163851471.15055037
1623628800,2021-06-14 00:00:00,BTC/USD,39035.52,41050.00,38758.40,40532.79,6281.28059699,254597827.36887032
1623542400,2021-06-13 00:00:00,BTC/USD,35563.66,39386.43,34783.90,39013.76,3601.91766642,140524351.37746996
1623456000,2021-06-12 00:00:00,BTC/USD,37338.91,37445.55,34630.00,35542.76,3727.95235350,132501715.79188566
1623369600,2021-06-11 00:00:00,BTC/USD,36724.97,37680.65,35958.49,37341.11,3741.23051559,139701700.21800292
1623283200,2021-06-10 00:00:00,BTC/USD,37414.64,38446.24,35824.69,36707.54,5761.72488740,211498746.773231
1623196800,2021-06-09 00:00:00,BTC/USD,33413.19,37556.25,32423.72,37400.00,8539.58734220,319380566.59828
1623110400,2021-06-08 00:00:00,BTC/USD,33567.51,34085.61,31025.00,33411.69,9044.64846998,302196990.8379461
1623024000,2021-06-07 00:00:00,BTC/USD,35810.69,36808.30,33321.09,33582.62,4913.04022502,164992762.92156118
1622937600,2021-06-06 00:00:00,BTC/USD,35532.59,36510.58,35250.00,35808.85,2526.73361997,90479425.18746273
1622851200,2021-06-05 00:00:00,BTC/USD,36851.58,37927.93,34849.65,35532.14,4106.34880652,145907360.68210155
1622764800,2021-06-04 00:00:00,BTC/USD,39242.94,39277.36,35576.67,36887.32,5786.18608707,213436897.77329895
1622678400,2021-06-03 00:00:00,BTC/USD,37585.12,39490.00,37176.06,39219.88,4058.94293164,159191254.705769
1622592000,2021-06-02 00:00:00,BTC/USD,36693.30,38256.30,35933.19,37589.36,4270.10341121,160510454.36120072
1622505600,2021-06-01 00:00:00,BTC/USD,37279.89,37927.44,35699.98,36693.30,4348.75448360,159570152.89307988
1622419200,2021-05-31 00:00:00,BTC/USD,35675.30,37540.96,34195.20,37341.41,4383.79233382,163696986.8920295
1622332800,2021-05-30 00:00:00,BTC/USD,34644.09,36516.99,33425.00,35677.72,2979.71977699,106309607.88191167
1622246400,2021-05-29 00:00:00,BTC/USD,35691.36,37348.01,33650.00,34632.08,4457.16762006,154360985.59132755
1622160000,2021-05-28 00:00:00,BTC/USD,38578.50,38905.12,34710.23,35692.46,6167.02059154,220116135.7827178
1622073600,2021-05-27 00:00:00,BTC/USD,39299.46,40429.47,37212.90,38503.47,4113.43820958,158381644.69941726
1621987200,2021-05-26 00:00:00,BTC/USD,38385.87,40904.00,37859.74,39309.56,4205.61283515,165320790.08009902
1621900800,2021-05-25 00:00:00,BTC/USD,38848.36,40000.00,36486.85,38397.72,5765.34726030,221376189.80376652
1621814400,2021-05-24 00:00:00,BTC/USD,34735.35,39960.00,34426.21,38839.86,10213.18324641,396678607.44490993
1621728000,2021-05-23 00:00:00,BTC/USD,37474.34,38311.74,31107.46,34706.79,9376.29208573,325421000.3980931
1621641600,2021-05-22 00:00:00,BTC/USD,37318.43,38887.99,35260.00,37500.54,5720.00562166,214503299.6152857
1621555200,2021-05-21 00:00:00,BTC/USD,40566.13,42297.89,33520.00,37335.16,13106.84060164,489345990.9567257
1621468800,2021-05-20 00:00:00,BTC/USD,36793.39,43000.00,35000.00,40640.90,14703.03041947,597544388.9746383
1621382400,2021-05-19 00:00:00,BTC/USD,42900.85,43601.63,30066.00,36780.43,32468.86397019,1194218778.4350953
1621296000,2021-05-18 00:00:00,BTC/USD,43581.27,45872.05,42023.69,42877.75,6275.91387222,269097066.03458107
1621209600,2021-05-17 00:00:00,BTC/USD,46446.42,46648.50,42100.00,43593.39,12262.72268102,534573652.29555047
1621123200,2021-05-16 00:00:00,BTC/USD,46753.40,49800.00,43769.40,46444.75,5750.08326356,267061179.65522832
1621036800,2021-05-15 00:00:00,BTC/USD,49883.89,50710.93,46448.53,46708.89,3613.92837843,168802583.09596524
1620950400,2021-05-14 00:00:00,BTC/USD,49711.64,51572.00,48875.69,49880.43,4011.08190380,200074490.12676263
1620864000,2021-05-13 00:00:00,BTC/USD,49419.44,51420.72,45700.00,49694.96,9096.38363317,452044420.7950378
1620777600,2021-05-12 00:00:00,BTC/USD,56763.70,58021.26,48530.00,49386.56,6367.35410217,314461715.40806484
1620691200,2021-05-11 00:00:00,BTC/USD,55854.43,56972.33,54500.00,56763.70,4203.16906929,238587428.09845677
1620604800,2021-05-10 00:00:00,BTC/USD,58336.16,59603.00,53500.00,55880.72,6589.42714030,368221932.987505
1620518400,2021-05-09 00:00:00,BTC/USD,58964.89,59300.62,56256.00,58305.24,2589.62561937,150988743.2475165
1620432000,2021-05-08 00:00:00,BTC/USD,57371.02,59564.24,56977.50,58984.75,2928.99345356,172765946.6098732
1620345600,2021-05-07 00:00:00,BTC/USD,56425.82,58743.85,55288.11,57381.73,4234.70954424,242994959.69600272
1620259200,2021-05-06 00:00:00,BTC/USD,57517.08,58420.83,55283.00,56447.39,5144.23317131,290378536.0718724
1620172800,2021-05-05 00:00:00,BTC/USD,53221.75,57976.62,52924.50,57509.93,5504.55788108,316566738.4218591
1620086400,2021-05-04 00:00:00,BTC/USD,57227.64,57250.85,53080.69,53236.84,5747.19401914,305962448.4459131
1620000000,2021-05-03 00:00:00,BTC/USD,56599.91,59000.00,56500.00,57222.37,3636.51735676,208090141.69994274
1619913600,2021-05-02 00:00:00,BTC/USD,57893.01,57967.01,56064.51,56622.66,1887.08427188,106851731.1180088
1619827200,2021-05-01 00:00:00,BTC/USD,57790.66,58549.00,57049.63,57851.91,2248.55545142,130083227.60555921
1619740800,2021-04-30 00:00:00,BTC/USD,53585.93,58008.00,53087.15,57775.27,4809.18204712,277851791.2515107
1619654400,2021-04-29 00:00:00,BTC/USD,54898.45,55239.33,52379.90,53593.97,4172.67670698,223630310.25358492
1619568000,2021-04-28 00:00:00,BTC/USD,55094.73,56500.00,53811.49,54901.97,4542.50992013,249392743.35967967
1619481600,2021-04-27 00:00:00,BTC/USD,54015.32,55519.37,53325.75,55091.39,4111.12521596,226487602.61128658
1619395200,2021-04-26 00:00:00,BTC/USD,49122.75,54404.78,48823.01,54073.41,6046.79682802,326970924.06822497
1619308800,2021-04-25 00:00:00,BTC/USD,50126.34,50608.94,47004.20,49128.43,4167.43570798,204739573.45899588
1619222400,2021-04-24 00:00:00,BTC/USD,51177.77,51227.38,48713.34,50118.94,3445.13658315,172666593.70269987
1619136000,2021-04-23 00:00:00,BTC/USD,51693.98,52131.34,47555.00,51176.65,11649.31918465,596173130.6511184
1619049600,2021-04-22 00:00:00,BTC/USD,53823.48,55491.80,50450.01,51683.95,7838.95634691,405148227.8858791
1618963200,2021-04-21 00:00:00,BTC/USD,56493.02,56850.00,53628.79,53806.24,4578.25708723,246338799.61719832
1618876800,2021-04-20 00:00:00,BTC/USD,55694.55,57119.00,53400.00,56503.19,5863.88283884,331328086.1807159
1618790400,2021-04-19 00:00:00,BTC/USD,56260.83,57633.00,54252.88,55694.55,5791.23906226,322540453.51499265
1618704000,2021-04-18 00:00:00,BTC/USD,60048.82,60433.81,51541.16,56280.60,12869.85937399,724323407.4837816
1618617600,2021-04-17 00:00:00,BTC/USD,61436.23,62596.48,59676.67,60032.29,3091.48365756,185588843.46090263
1618531200,2021-04-16 00:00:00,BTC/USD,63247.24,63580.40,60042.04,61436.24,5778.81668659,355028768.873348
1618444800,2021-04-15 00:00:00,BTC/USD,62954.20,63855.37,61998.90,63239.19,3433.44934498,217128555.4825658
1618358400,2021-04-14 00:00:00,BTC/USD,63605.69,64895.22,61327.00,62986.09,6002.89354304,378098792.9623363
1618272000,2021-04-13 00:00:00,BTC/USD,59814.87,63769.00,59780.00,63564.48,5711.52676941,363050229.1036266
1618185600,2021-04-12 00:00:00,BTC/USD,59972.26,61234.56,59361.11,59831.66,3707.43645474,221822077.4316091
1618099200,2021-04-11 00:00:00,BTC/USD,59773.19,60679.00,59165.15,59979.26,1822.72044967,109325423.75807385
1618012800,2021-04-10 00:00:00,BTC/USD,58129.02,61222.22,57870.00,59766.93,3917.95081704,234163892.22547248
1617926400,2021-04-09 00:00:00,BTC/USD,58066.18,58890.25,57657.43,58109.56,2660.64809651,154609090.20303363
1617840000,2021-04-08 00:00:00,BTC/USD,55912.38,58145.49,55680.40,58096.60,4586.80685854,266477883.33785495
1617753600,2021-04-07 00:00:00,BTC/USD,58024.90,58668.00,55441.93,55932.83,5454.57661606,305089906.58805925
1617667200,2021-04-06 00:00:00,BTC/USD,59135.36,59473.90,57216.00,58018.30,2711.39784733,157310693.72574612
1617580800,2021-04-05 00:00:00,BTC/USD,58213.69,59280.00,56800.00,59125.00,2402.43713513,142044095.61456126
1617494400,2021-04-04 00:00:00,BTC/USD,57064.13,58501.00,56466.25,58212.18,1440.63181986,83862318.8114179
1617408000,2021-04-03 00:00:00,BTC/USD,58967.61,59801.39,56922.00,57064.42,1663.26835296,94913443.86601767
1617321600,2021-04-02 00:00:00,BTC/USD,58744.00,60103.04,58450.00,59003.60,2564.60002070,151320633.7813745
1617235200,2021-04-01 00:00:00,BTC/USD,58789.96,59490.00,57935.42,58728.53,2786.58091029,163651800.58739355
1617148800,2021-03-31 00:00:00,BTC/USD,58767.75,59816.17,56713.45,58782.58,4595.25252072,270120798.9194251
1617062400,2021-03-30 00:00:00,BTC/USD,57623.66,59388.66,57011.00,58760.59,3392.33861916,199335818.7416269
1616976000,2021-03-29 00:00:00,BTC/USD,55790.28,58402.68,54892.42,57600.10,5360.42566319,308761054.2423103
1616889600,2021-03-28 00:00:00,BTC/USD,55817.85,56573.04,54677.51,55790.92,2073.44919140,115679637.96146208
1616803200,2021-03-27 00:00:00,BTC/USD,55081.26,56686.15,53948.35,55839.42,2609.96757961,145739075.86422622
1616716800,2021-03-26 00:00:00,BTC/USD,51292.65,55114.86,51263.38,55081.37,4874.25111496,268480429.13602436
1616630400,2021-03-25 00:00:00,BTC/USD,52281.77,53271.59,50360.00,51326.11,6682.61740401,342992755.96613175
1616544000,2021-03-24 00:00:00,BTC/USD,54360.07,57207.33,51638.76,52287.52,6867.56433680,359087907.61171675
1616457600,2021-03-23 00:00:00,BTC/USD,54117.71,55866.44,52933.03,54361.57,4996.46365198,271615608.56956637
1616371200,2021-03-22 00:00:00,BTC/USD,57410.54,58461.78,53715.00,54070.92,6566.96696309,355081945.3038823
1616284800,2021-03-21 00:00:00,BTC/USD,58072.87,58632.52,55500.00,57381.79,3628.79780904,208226913.83079338
1616198400,2021-03-20 00:00:00,BTC/USD,58029.94,59957.00,57815.61,58138.39,2382.94564802,138540623.43338948
1616112000,2021-03-19 00:00:00,BTC/USD,57648.01,59450.95,56279.34,58072.00,3523.48233151,204615665.95544875
1616025600,2021-03-18 00:00:00,BTC/USD,58939.73,60083.25,57000.00,57648.05,5516.46389423,318013386.39776576
1615939200,2021-03-17 00:00:00,BTC/USD,56928.38,58968.80,54124.00,58901.80,5840.07702599,343991048.9694578
1615852800,2021-03-16 00:00:00,BTC/USD,55616.42,56950.00,53221.00,56908.34,7733.22669474,440085094.0413401
1615766400,2021-03-15 00:00:00,BTC/USD,58956.90,60595.13,54555.00,55644.37,7725.21404982,429864668.91738254
1615680000,2021-03-14 00:00:00,BTC/USD,61177.03,61700.00,58959.57,59016.39,3274.12215493,193226870.0029893
1615593600,2021-03-13 00:00:00,BTC/USD,57297.67,61781.83,56080.96,61165.19,6187.83400169,378480042.4018292
1615507200,2021-03-12 00:00:00,BTC/USD,57847.92,58098.50,55011.00,57271.04,5232.31057076,299659867.9904188
1615420800,2021-03-11 00:00:00,BTC/USD,55918.09,58155.99,54269.00,57772.09,6640.48776529,383634856.82023275
1615334400,2021-03-10 00:00:00,BTC/USD,54927.29,57402.89,53010.00,55852.29,6916.27818124,386289974.699289
1615248000,2021-03-09 00:00:00,BTC/USD,52427.80,54939.26,51857.00,54929.02,5428.89224399,298203730.6479716
1615161600,2021-03-08 00:00:00,BTC/USD,50952.55,52427.80,49316.98,52427.80,4419.56113432,231707867.2379021
1615075200,2021-03-07 00:00:00,BTC/USD,48933.12,51477.53,48933.12,50967.30,2818.44991057,143648782.12699437
1614988800,2021-03-06 00:00:00,BTC/USD,48774.67,49200.00,47082.29,48904.63,2141.06029528,104707761.54835914
1614902400,2021-03-05 00:00:00,BTC/USD,48353.09,49471.24,46294.00,48739.21,5219.24690875,254381971.1274171
1614816000,2021-03-04 00:00:00,BTC/USD,50376.05,51817.54,47500.00,48360.50,5641.61213573,272831183.6899707
1614729600,2021-03-03 00:00:00,BTC/USD,48438.00,52652.82,48168.45,50379.68,6151.48715250,309909954.2670612
1614643200,2021-03-02 00:00:00,BTC/USD,49641.89,50250.00,47069.52,48516.35,4945.78880692,239951620.78261313
1614556800,2021-03-01 00:00:00,BTC/USD,45261.56,49831.52,45020.25,49629.33,8512.75943780,422482547.34919065
1614470400,2021-02-28 00:00:00,BTC/USD,46142.10,46659.88,43021.00,45240.96,6668.91811403,301708257.6401067
1614384000,2021-02-27 00:00:00,BTC/USD,46324.15,48365.31,45050.00,46109.98,3071.56836645,141629955.9456422
1614297600,2021-02-26 00:00:00,BTC/USD,47070.18,48476.62,44151.97,46314.83,8126.22740854,376364840.96787065
1614211200,2021-02-25 00:00:00,BTC/USD,49715.13,52079.16,46723.00,47088.58,7920.69294708,372974183.49401236
1614124800,2021-02-24 00:00:00,BTC/USD,48927.33,51459.51,47000.00,49754.00,8774.36674339,436559842.950626
1614038400,2021-02-23 00:00:00,BTC/USD,54173.64,54196.58,44845.72,48887.93,17766.39814895,868562429.0579972
1613952000,2021-02-22 00:00:00,BTC/USD,57485.74,57564.19,47400.00,54173.65,17002.83273081,921105509.3674452
1613865600,2021-02-21 00:00:00,BTC/USD,55919.75,58354.14,55537.99,57492.91,3562.96950963,204845485.34990174
1613779200,2021-02-20 00:00:00,BTC/USD,56000.59,57553.81,54000.00,55936.04,5187.25046252,290154249.3615372
1613692800,2021-02-19 00:00:00,BTC/USD,51560.46,56399.99,50627.32,55988.58,9229.78250415,516762416.11620265
1613606400,2021-02-18 00:00:00,BTC/USD,52141.23,52566.98,50869.61,51579.54,6330.14291878,326505859.8849298
1613520000,2021-02-17 00:00:00,BTC/USD,49136.70,52640.00,48896.19,52174.28,9571.64796874,499393841.18247205
1613433600,2021-02-16 00:00:00,BTC/USD,47954.05,50602.53,47036.02,49166.53,8376.07608814,411822596.26981795
1613347200,2021-02-15 00:00:00,BTC/USD,48620.48,49048.82,45914.75,47942.57,6924.33408866,331970371.74896824
1613260800,2021-02-14 00:00:00,BTC/USD,47258.66,49714.66,47081.02,48662.50,5201.69392560,253127430.65451
1613174400,2021-02-13 00:00:00,BTC/USD,47424.25,48220.00,46133.00,47228.48,4271.67215148,201744582.77273017
1613088000,2021-02-12 00:00:00,BTC/USD,48044.88,49000.00,46231.16,47395.84,5970.13590277,282959606.02594244
1613001600,2021-02-11 00:00:00,BTC/USD,44854.63,48696.84,44040.96,47981.48,9390.81635484,450585267.1134284
1612915200,2021-02-10 00:00:00,BTC/USD,46493.90,47364.09,43746.06,44854.63,9483.32895640,425371211.5076081
1612828800,2021-02-09 00:00:00,BTC/USD,46445.51,48216.09,45000.00,46505.20,12505.08248337,581551361.9056185
1612742400,2021-02-08 00:00:00,BTC/USD,38870.36,46712.12,38050.97,46416.45,19053.71343569,884405737.002033
1612656000,2021-02-07 00:00:00,BTC/USD,39274.80,39727.44,37412.93,38858.39,5973.24016085,232110495.73397204
1612569600,2021-02-06 00:00:00,BTC/USD,38320.00,41025.48,38230.81,39282.10,8635.66020711,339226867.8217157
1612483200,2021-02-05 00:00:00,BTC/USD,36984.28,38359.69,36618.36,38320.00,5211.97488137,199722877.4540984
1612396800,2021-02-04 00:00:00,BTC/USD,37693.00,38748.52,36197.65,36996.32,11762.80234811,435180399.767429
1612310400,2021-02-03 00:00:00,BTC/USD,35496.91,37732.87,35382.45,37691.63,8777.33287657,330831983.17051214
1612224000,2021-02-02 00:00:00,BTC/USD,33497.16,36008.67,33431.67,35522.16,7225.86501969,256678333.36783135
1612137600,2021-02-01 00:00:00,BTC/USD,33110.32,34736.10,32333.01,33532.74,8374.05662032,280805063.39446926
1612051200,2021-01-31 00:00:00,BTC/USD,34300.19,34380.21,32193.70,33141.38,4750.12315608,157425636.56244656
1611964800,2021-01-30 00:00:00,BTC/USD,34265.71,34931.39,32860.00,34323.00,7281.28566632,249915567.92510137
1611878400,2021-01-29 00:00:00,BTC/USD,33488.66,38620.00,31990.00,34249.64,31439.61903418,1076795633.6578126
1611792000,2021-01-28 00:00:00,BTC/USD,30427.34,33870.58,29899.99,33484.87,17879.35697563,598687944.0125637
1611705600,2021-01-27 00:00:00,BTC/USD,32521.65,32580.12,29150.49,30424.62,22403.70666206,681624261.7846439
1611619200,2021-01-26 00:00:00,BTC/USD,32264.15,32953.28,30847.40,32504.53,11554.91101117,375586951.60990554
1611532800,2021-01-25 00:00:00,BTC/USD,32289.06,34888.00,31939.12,32261.22,10038.75547087,323862498.7719407
1611446400,2021-01-24 00:00:00,BTC/USD,32098.38,33075.75,30960.77,32288.83,4658.70962563,150424283.12133074
1611360000,2021-01-23 00:00:00,BTC/USD,32989.10,33468.46,31426.11,32117.49,5255.74586786,168801365.35353488
1611273600,2021-01-22 00:00:00,BTC/USD,30817.86,33864.85,28800.00,32992.06,17019.58345080,561511118.3838006
1611187200,2021-01-21 00:00:00,BTC/USD,35516.17,35620.96,30044.16,30818.18,21214.64125810,653796632.9275522
1611100800,2021-01-20 00:00:00,BTC/USD,35888.13,36440.10,33400.00,35496.91,12160.46753333,431659021.58853704
1611014400,2021-01-19 00:00:00,BTC/USD,36665.82,37874.71,35888.00,35917.62,6578.85825052,236296930.6760422
1610928000,2021-01-18 00:00:00,BTC/USD,35826.36,37449.86,34777.85,36616.95,6251.21454140,228900410.30171672
1610841600,2021-01-17 00:00:00,BTC/USD,36013.51,36839.00,33833.55,35819.25,6821.71255949,244348627.59651217
1610755200,2021-01-16 00:00:00,BTC/USD,36778.66,37944.12,35350.00,36000.00,7688.58269814,276788977.13304
1610668800,2021-01-15 00:00:00,BTC/USD,39147.98,39694.00,34380.00,36756.57,13499.11727006,496181248.8751693
1610582400,2021-01-14 00:00:00,BTC/USD,37393.49,40112.78,36717.23,39134.35,10923.50473340,427484257.46353227
1610496000,2021-01-13 00:00:00,BTC/USD,34035.02,37800.00,32327.76,37393.49,13662.38751261,510884350.82890683
1610409600,2021-01-12 00:00:00,BTC/USD,35449.71,36639.23,32479.91,34035.02,18267.87445007,621747472.2656214
1610323200,2021-01-11 00:00:00,BTC/USD,38164.88,38261.39,30261.13,35455.58,40786.96425433,1446125474.0765376
1610236800,2021-01-10 00:00:00,BTC/USD,40239.06,41450.00,34322.07,38173.73,16218.99740520,619139627.8168055
1610150400,2021-01-09 00:00:00,BTC/USD,40682.76,41422.77,38788.16,40239.06,8535.84731272,343474472.1673788
1610064000,2021-01-08 00:00:00,BTC/USD,39510.59,42000.00,36618.36,40667.07,22183.95174233,902156318.381956
1609977600,2021-01-07 00:00:00,BTC/USD,36875.96,40402.46,36327.50,39510.49,23102.26120863,912781660.4609635
1609891200,2021-01-06 00:00:00,BTC/USD,34081.24,37050.83,33348.27,36849.94,19219.28788972,708229605.5789086
1609804800,2021-01-05 00:00:00,BTC/USD,32054.23,34500.00,29936.26,34039.05,14806.49650719,503999074.93306583
1609718400,2021-01-04 00:00:00,BTC/USD,33068.83,33669.76,27734.00,32005.88,22446.94000548,718434068.1825922
1609632000,2021-01-03 00:00:00,BTC/USD,32216.51,34800.00,31977.45,33097.83,14160.58128010,468684511.9099322
1609545600,2021-01-02 00:00:00,BTC/USD,29410.77,33333.00,29050.00,32216.53,17867.87889850,575641056.5698922
1609459200,2021-01-01 00:00:00,BTC/USD,28999.63,29700.00,28720.00,29402.64,8781.46555456,258198270.37312803
1609372800,2020-12-31 00:00:00,BTC/USD,28893.21,29300.00,27930.75,28992.79,9477.67661813,274784287.8773533
1609286400,2020-12-30 00:00:00,BTC/USD,27370.00,29010.32,27328.37,28881.30,11741.73338120,339116524.30245155
1609200000,2020-12-29 00:00:00,BTC/USD,27037.90,27395.00,25831.85,27370.00,9577.27829174,262130106.8449238
1609113600,2020-12-28 00:00:00,BTC/USD,26242.82,27473.49,26079.60,27037.91,7987.77761059,215972812.13514748
1609027200,2020-12-27 00:00:00,BTC/USD,26472.89,28377.94,25770.00,26259.60,13234.33412894,347528320.4923128
1608940800,2020-12-26 00:00:00,BTC/USD,24714.01,26809.50,24485.32,26466.28,7491.46184626,198271126.83243412
1608854400,2020-12-25 00:00:00,BTC/USD,23747.22,24777.00,23403.82,24705.15,6469.22897257,159823272.15168774
1608768000,2020-12-24 00:00:00,BTC/USD,23215.00,23779.14,22700.10,23726.28,7185.48205493,170484759.17024454
1608681600,2020-12-23 00:00:00,BTC/USD,23819.08,24096.90,22624.92,23247.71,11541.96937133,268324356.77356216
1608595200,2020-12-22 00:00:00,BTC/USD,22750.07,23843.21,22383.59,23835.10,9367.60948339,223277908.79754898
1608508800,2020-12-21 00:00:00,BTC/USD,23470.85,24123.83,21864.86,22732.01,12675.12801873,288131136.8730505
1608422400,2020-12-20 00:00:00,BTC/USD,23842.38,24298.04,23092.77,23470.85,5095.96264009,119606574.73115636
1608336000,2020-12-19 00:00:00,BTC/USD,23142.05,24217.38,22719.78,23842.99,8672.03769610,206767308.06773534
1608249600,2020-12-18 00:00:00,BTC/USD,22829.89,23284.68,22360.93,23136.14,11360.33890442,262834391.3401077
1608163200,2020-12-17 00:00:00,BTC/USD,21358.96,23777.00,21244.04,22814.24,22626.69253048,516210793.79657805
1608076800,2020-12-16 00:00:00,BTC/USD,19434.55,21576.76,19277.66,21365.70,14974.62184371,319943277.92615473
